rank,title,description,tags
1,The First-Date Red Flag That Means Leave Before Dessert,"Leave the date if you see this one thing. | Feeling stuck on the self-work part? Online therapy is the cheat code: {{AFFILIATE_LINK}} | Some links are affiliate links — I may earn a commission at no extra cost to you. |  | Real first date red flags lessons from 100+ real dates — no gimmicks, no sugarcoating. New dating advice Shorts from Date & Advice every week: the dos, the don'ts, and the stories behind them. |  | #shorts #datingadvice #redflags #dating #relationships","dating advice, dating tips, first date red flags, relationship advice, red flags, green flags, dating, relationships, date and advice, shorts, red flag, toxic relationships"
2,"If They Say These 3 Phrases, You're Being Manipulated","These three phrases mean you're being played. | Feeling stuck on the self-work part? Online therapy is the cheat code: {{AFFILIATE_LINK}} | Some links are affiliate links — I may earn a commission at no extra cost to you. |  | Real red flag phrases dating lessons from 100+ real dates — no gimmicks, no sugarcoating. New dating advice Shorts from Date & Advice every week: the dos, the don'ts, and the stories behind them. |  | #shorts #datingadvice #redflags #dating #relationships","dating advice, dating tips, red flag phrases dating, relationship advice, red flags, green flags, dating, relationships, date and advice, shorts, dating mistakes, what not to do"
3,The Red Flag I Ignored for 6 Months (It Cost Me),"I ignored one red flag for six months. | Feeling stuck on the self-work part? Online therapy is the cheat code: {{AFFILIATE_LINK}} | Some links are affiliate links — I may earn a commission at no extra cost to you. |  | Real ignoring red flags relationship lessons from 100+ real dates — no gimmicks, no sugarcoating. New dating advice Shorts from Date & Advice every week: the dos, the don'ts, and the stories behind them. |  | #shorts #datingadvice #redflags #dating #relationships","dating advice, dating tips, ignoring red flags relationship, relationship advice, red flags, green flags, dating, relationships, date and advice, shorts, story time, dating stories"
4,Dating Red Flags Ranked - Which Ones Are Actually Dealbreakers,"Not every red flag means run. Here's the ranking. | Feeling stuck on the self-work part? Online therapy is the cheat code: {{AFFILIATE_LINK}} | Some links are affiliate links — I may earn a commission at no extra cost to you. |  | Real dating red flags ranked lessons from 100+ real dates — no gimmicks, no sugarcoating. New dating advice Shorts from Date & Advice every week: the dos, the don'ts, and the stories behind them. |  | #shorts #datingadvice #redflags #dating #relationships","dating advice, dating tips, dating red flags ranked, relationship advice, red flags, green flags, dating, relationships, date and advice, shorts, red flag, toxic relationships"
5,Icks vs Red Flags - You're Confusing Them and It's Killing Your Dates,"An ick is not a red flag. Know the difference. | Feeling stuck on the self-work part? Online therapy is the cheat code: {{AFFILIATE_LINK}} | Some links are affiliate links — I may earn a commission at no extra cost to you. |  | Real icks vs red flags lessons from 100+ real dates — no gimmicks, no sugarcoating. New dating advice Shorts from Date & Advice every week: the dos, the don'ts, and the stories behind them. |  | #shorts #datingadvice #redflags #dating #relationships","dating advice, dating tips, icks vs red flags, relationship advice, red flags, green flags, dating, relationships, date and advice, shorts, dating mistakes, what not to do"
6,Don't Just Get the Number - Do This in the First 10 Seconds After,"Getting the number is the easy part. | Feeling stuck on the self-work part? Online therapy is the cheat code: {{AFFILIATE_LINK}} | Some links are affiliate links — I may earn a commission at no extra cost to you. |  | Real what to text after getting number lessons from 100+ real dates — no gimmicks, no sugarcoating. New dating advice Shorts from Date & Advice every week: the dos, the don'ts, and the stories behind them. |  | #shorts #datingadvice #redflags #dating #relationships","dating advice, dating tips, what to text after getting number, relationship advice, red flags, green flags, dating, relationships, date and advice, shorts, how to date, dating hacks"
7,Most Dating Advice Is Making You Worse at Dating,"Dating advice is why you're still single. | Feeling stuck on the self-work part? Online therapy is the cheat code: {{AFFILIATE_LINK}} | Some links are affiliate links — I may earn a commission at no extra cost to you. |  | Real bad dating advice lessons from 100+ real dates — no gimmicks, no sugarcoating. New dating advice Shorts from Date & Advice every week: the dos, the don'ts, and the stories behind them. |  | #shorts #datingadvice #redflags #dating #relationships","dating advice, dating tips, bad dating advice, relationship advice, red flags, green flags, dating, relationships, date and advice, shorts, dating mistakes, what not to do"
8,She Did THIS on Our First Date - Big Red Flag or Just Me?,"Halfway through the date, she did this. | Feeling stuck on the self-work part? Online therapy is the cheat code: {{AFFILIATE_LINK}} | Some links are affiliate links — I may earn a commission at no extra cost to you. |  | Real first date story red flag lessons from 100+ real dates — no gimmicks, no sugarcoating. New dating advice Shorts from Date & Advice every week: the dos, the don'ts, and the stories behind them. |  | #shorts #datingadvice #redflags #dating #relationships","dating advice, dating tips, first date story red flag, relationship advice, red flags, green flags, dating, relationships, date and advice, shorts, story time, dating stories"
9,The Loyalty Signal Most People Miss on Date One,"You can spot loyalty on the first date. | Feeling stuck on the self-work part? Online therapy is the cheat code: {{AFFILIATE_LINK}} | Some links are affiliate links — I may earn a commission at no extra cost to you. |  | Real signs of a loyal partner lessons from 100+ real dates — no gimmicks, no sugarcoating. New dating advice Shorts from Date & Advice every week: the dos, the don'ts, and the stories behind them. |  | #shorts #datingadvice #redflags #dating #relationships","dating advice, dating tips, signs of a loyal partner, relationship advice, red flags, green flags, dating, relationships, date and advice, shorts, green flag, healthy relationships"
10,Dates That Exposed HUGE Red Flags - Story Time,"Three dates. Three disasters. One lesson. | Feeling stuck on the self-work part? Online therapy is the cheat code: {{AFFILIATE_LINK}} | Some links are affiliate links — I may earn a commission at no extra cost to you. |  | Real dating horror stories lessons from 100+ real dates — no gimmicks, no sugarcoating. New dating advice Shorts from Date & Advice every week: the dos, the don'ts, and the stories behind them. |  | #shorts #datingadvice #redflags #dating #relationships","dating advice, dating tips, dating horror stories, relationship advice, red flags, green flags, dating, relationships, date and advice, shorts, story time, dating stories"
11,What Attractive People Actually Do Differently (It's Not Their Face),"Attraction has almost nothing to do with your face. | Feeling stuck on the self-work part? Online therapy is the cheat code: {{AFFILIATE_LINK}} | Some links are affiliate links — I may earn a commission at no extra cost to you. |  | Real how to be more attractive lessons from 100+ real dates — no gimmicks, no sugarcoating. New dating advice Shorts from Date & Advice every week: the dos, the don'ts, and the stories behind them. |  | #shorts #datingadvice #redflags #dating #relationships","dating advice, dating tips, how to be more attractive, relationship advice, red flags, green flags, dating, relationships, date and advice, shorts, how to date, dating hacks"
12,Relationship Tests People Run on You (and What They Reveal),"If they test you, they're telling you something. | Feeling stuck on the self-work part? Online therapy is the cheat code: {{AFFILIATE_LINK}} | Some links are affiliate links — I may earn a commission at no extra cost to you. |  | Real partner testing you lessons from 100+ real dates — no gimmicks, no sugarcoating. New dating advice Shorts from Date & Advice every week: the dos, the don'ts, and the stories behind them. |  | #shorts #datingadvice #redflags #dating #relationships","dating advice, dating tips, partner testing you, relationship advice, red flags, green flags, dating, relationships, date and advice, shorts, red flag, toxic relationships"
13,Dating Only for Looks - What It Actually Costs You,"I chased pretty. It cost me two years. | Feeling stuck on the self-work part? Online therapy is the cheat code: {{AFFILIATE_LINK}} | Some links are affiliate links — I may earn a commission at no extra cost to you. |  | Real dating for looks lessons from 100+ real dates — no gimmicks, no sugarcoating. New dating advice Shorts from Date & Advice every week: the dos, the don'ts, and the stories behind them. |  | #shorts #datingadvice #redflags #dating #relationships","dating advice, dating tips, dating for looks, relationship advice, red flags, green flags, dating, relationships, date and advice, shorts, lessons learned, dating stories"
14,Texting Habits That Scream Desperate (Stop All 4 Today),"Your texts are why they pulled away. | Feeling stuck on the self-work part? Online therapy is the cheat code: {{AFFILIATE_LINK}} | Some links are affiliate links — I may earn a commission at no extra cost to you. |  | Real texting mistakes dating lessons from 100+ real dates — no gimmicks, no sugarcoating. New dating advice Shorts from Date & Advice every week: the dos, the don'ts, and the stories behind them. |  | #shorts #datingadvice #redflags #dating #relationships","dating advice, dating tips, texting mistakes dating, relationship advice, red flags, green flags, dating, relationships, date and advice, shorts, dating mistakes, what not to do"
15,Stop These Insecure Dating Behaviors (Everyone Sees Them),"Insecurity leaks. Here's where yours is showing. | Feeling stuck on the self-work part? Online therapy is the cheat code: {{AFFILIATE_LINK}} | Some links are affiliate links — I may earn a commission at no extra cost to you. |  | Real insecure dating behaviors lessons from 100+ real dates — no gimmicks, no sugarcoating. New dating advice Shorts from Date & Advice every week: the dos, the don'ts, and the stories behind them. |  | #shorts #datingadvice #redflags #dating #relationships","dating advice, dating tips, insecure dating behaviors, relationship advice, red flags, green flags, dating, relationships, date and advice, shorts, dating mistakes, what not to do"
16,Love-Bombing: The Red Flag That Feels Amazing,"The best first month of my life was a trap. | Feeling stuck on the self-work part? Online therapy is the cheat code: {{AFFILIATE_LINK}} | Some links are affiliate links — I may earn a commission at no extra cost to you. |  | Real love bombing signs lessons from 100+ real dates — no gimmicks, no sugarcoating. New dating advice Shorts from Date & Advice every week: the dos, the don'ts, and the stories behind them. |  | #shorts #datingadvice #redflags #dating #relationships","dating advice, dating tips, love bombing signs, relationship advice, red flags, green flags, dating, relationships, date and advice, shorts, red flag, toxic relationships"
17,I Got Ghosted 7 Times in a Row - Here's How I Rebuilt,"Seven ghosts in a row almost broke me. | Feeling stuck on the self-work part? Online therapy is the cheat code: {{AFFILIATE_LINK}} | Some links are affiliate links — I may earn a commission at no extra cost to you. |  | Real getting over being ghosted lessons from 100+ real dates — no gimmicks, no sugarcoating. New dating advice Shorts from Date & Advice every week: the dos, the don'ts, and the stories behind them. |  | #shorts #datingadvice #redflags #dating #relationships","dating advice, dating tips, getting over being ghosted, relationship advice, red flags, green flags, dating, relationships, date and advice, shorts, story time, dating stories"
18,The 'You're Too Sensitive' Playbook (Gaslighting 101),"'You're too sensitive' is a strategy, not an opinion. | Feeling stuck on the self-work part? Online therapy is the cheat code: {{AFFILIATE_LINK}} | Some links are affiliate links — I may earn a commission at no extra cost to you. |  | Real gaslighting phrases lessons from 100+ real dates — no gimmicks, no sugarcoating. New dating advice Shorts from Date & Advice every week: the dos, the don'ts, and the stories behind them. |  | #shorts #datingadvice #redflags #dating #relationships","dating advice, dating tips, gaslighting phrases, relationship advice, red flags, green flags, dating, relationships, date and advice, shorts, red flag, toxic relationships"
19,Green Flags Nobody Claps For,"Boring is the most underrated green flag. | Feeling stuck on the self-work part? Online therapy is the cheat code: {{AFFILIATE_LINK}} | Some links are affiliate links — I may earn a commission at no extra cost to you. |  | Real green flags in dating lessons from 100+ real dates — no gimmicks, no sugarcoating. New dating advice Shorts from Date & Advice every week: the dos, the don'ts, and the stories behind them. |  | #shorts #datingadvice #redflags #dating #relationships","dating advice, dating tips, green flags in dating, relationship advice, red flags, green flags, dating, relationships, date and advice, shorts, green flag, healthy relationships"
20,The Green Flag Hidden in How They Argue,"Watch how they fight, not how they flirt. | Feeling stuck on the self-work part? Online therapy is the cheat code: {{AFFILIATE_LINK}} | Some links are affiliate links — I may earn a commission at no extra cost to you. |  | Real healthy conflict relationship lessons from 100+ real dates — no gimmicks, no sugarcoating. New dating advice Shorts from Date & Advice every week: the dos, the don'ts, and the stories behind them. |  | #shorts #datingadvice #redflags #dating #relationships","dating advice, dating tips, healthy conflict relationship, relationship advice, red flags, green flags, dating, relationships, date and advice, shorts, green flag, healthy relationships"
21,What I'd Do Differently in My First Year on Dating Apps,"A year of swiping taught me five expensive lessons. | Feeling stuck on the self-work part? Online therapy is the cheat code: {{AFFILIATE_LINK}} | Some links are affiliate links — I may earn a commission at no extra cost to you. |  | Real dating app tips beginners lessons from 100+ real dates — no gimmicks, no sugarcoating. New dating advice Shorts from Date & Advice every week: the dos, the don'ts, and the stories behind them. |  | #shorts #datingadvice #redflags #dating #relationships","dating advice, dating tips, dating app tips beginners, relationship advice, red flags, green flags, dating, relationships, date and advice, shorts, lessons learned, dating stories"
22,If They Do This After a Fight - Keep Them,"The relationship is decided after the fight. | Feeling stuck on the self-work part? Online therapy is the cheat code: {{AFFILIATE_LINK}} | Some links are affiliate links — I may earn a commission at no extra cost to you. |  | Real signs of a keeper lessons from 100+ real dates — no gimmicks, no sugarcoating. New dating advice Shorts from Date & Advice every week: the dos, the don'ts, and the stories behind them. |  | #shorts #datingadvice #redflags #dating #relationships","dating advice, dating tips, signs of a keeper, relationship advice, red flags, green flags, dating, relationships, date and advice, shorts, green flag, healthy relationships"
23,Your Dating Profile Photos Are Lying About You (Fix These 3),"Your third photo is costing you matches. | Feeling stuck on the self-work part? Online therapy is the cheat code: {{AFFILIATE_LINK}} | Some links are affiliate links — I may earn a commission at no extra cost to you. |  | Real dating profile photo tips lessons from 100+ real dates — no gimmicks, no sugarcoating. New dating advice Shorts from Date & Advice every week: the dos, the don'ts, and the stories behind them. |  | #shorts #datingadvice #redflags #dating #relationships","dating advice, dating tips, dating profile photo tips, relationship advice, red flags, green flags, dating, relationships, date and advice, shorts, how to date, dating hacks"
24,The 2-Date Rule That Saves You Months,"Two dates. That's all you need to know. | Feeling stuck on the self-work part? Online therapy is the cheat code: {{AFFILIATE_LINK}} | Some links are affiliate links — I may earn a commission at no extra cost to you. |  | Real how many dates to know lessons from 100+ real dates — no gimmicks, no sugarcoating. New dating advice Shorts from Date & Advice every week: the dos, the don'ts, and the stories behind them. |  | #shorts #datingadvice #redflags #dating #relationships","dating advice, dating tips, how many dates to know, relationship advice, red flags, green flags, dating, relationships, date and advice, shorts, how to date, dating hacks"
25,Double-Texting: The Actual Math of When It's Fine,"Double-texting isn't desperate. Triple is. | Feeling stuck on the self-work part? Online therapy is the cheat code: {{AFFILIATE_LINK}} | Some links are affiliate links — I may earn a commission at no extra cost to you. |  | Real double texting rules lessons from 100+ real dates — no gimmicks, no sugarcoating. New dating advice Shorts from Date & Advice every week: the dos, the don'ts, and the stories behind them. |  | #shorts #datingadvice #redflags #dating #relationships","dating advice, dating tips, double texting rules, relationship advice, red flags, green flags, dating, relationships, date and advice, shorts, dating mistakes, what not to do"
26,First Message Formulas That Don't Sound Like Everyone Else,"'Hey' is why nobody answers you. | Feeling stuck on the self-work part? Online therapy is the cheat code: {{AFFILIATE_LINK}} | Some links are affiliate links — I may earn a commission at no extra cost to you. |  | Real first message dating app lessons from 100+ real dates — no gimmicks, no sugarcoating. New dating advice Shorts from Date & Advice every week: the dos, the don'ts, and the stories behind them. |  | #shorts #datingadvice #redflags #dating #relationships","dating advice, dating tips, first message dating app, relationship advice, red flags, green flags, dating, relationships, date and advice, shorts, how to date, dating hacks"
27,The Nicest Person I Dated Was Also the Worst for Me,"Nice and good are not the same thing. | Feeling stuck on the self-work part? Online therapy is the cheat code: {{AFFILIATE_LINK}} | Some links are affiliate links — I may earn a commission at no extra cost to you. |  | Real nice guy red flag lessons from 100+ real dates — no gimmicks, no sugarcoating. New dating advice Shorts from Date & Advice every week: the dos, the don'ts, and the stories behind them. |  | #shorts #datingadvice #redflags #dating #relationships","dating advice, dating tips, nice guy red flag, relationship advice, red flags, green flags, dating, relationships, date and advice, shorts, story time, dating stories"
28,Consistency Beats Chemistry: The 3-Week Test,"Chemistry lies. Three weeks of consistency doesn't. | Feeling stuck on the self-work part? Online therapy is the cheat code: {{AFFILIATE_LINK}} | Some links are affiliate links — I may earn a commission at no extra cost to you. |  | Real chemistry vs compatibility lessons from 100+ real dates — no gimmicks, no sugarcoating. New dating advice Shorts from Date & Advice every week: the dos, the don'ts, and the stories behind them. |  | #shorts #datingadvice #redflags #dating #relationships","dating advice, dating tips, chemistry vs compatibility, relationship advice, red flags, green flags, dating, relationships, date and advice, shorts, green flag, healthy relationships"
29,How They Treat the Waiter Isn't Enough - Watch This Instead,"Everyone's nice to the waiter on date one. | Feeling stuck on the self-work part? Online therapy is the cheat code: {{AFFILIATE_LINK}} | Some links are affiliate links — I may earn a commission at no extra cost to you. |  | Real character test date lessons from 100+ real dates — no gimmicks, no sugarcoating. New dating advice Shorts from Date & Advice every week: the dos, the don'ts, and the stories behind them. |  | #shorts #datingadvice #redflags #dating #relationships","dating advice, dating tips, character test date, relationship advice, red flags, green flags, dating, relationships, date and advice, shorts, green flag, healthy relationships"
30,Texts I Sent at 2am That I'd Unsend Today,"Here's every 2am text I regret. | Feeling stuck on the self-work part? Online therapy is the cheat code: {{AFFILIATE_LINK}} | Some links are affiliate links — I may earn a commission at no extra cost to you. |  | Real drunk texting ex lessons from 100+ real dates — no gimmicks, no sugarcoating. New dating advice Shorts from Date & Advice every week: the dos, the don'ts, and the stories behind them. |  | #shorts #datingadvice #redflags #dating #relationships","dating advice, dating tips, drunk texting ex, relationship advice, red flags, green flags, dating, relationships, date and advice, shorts, lessons learned, dating stories"
31,Stop Planning Mega-Dates: First Dates Should Cost Under $20,"Your $200 first date is working against you. | Feeling stuck on the self-work part? Online therapy is the cheat code: {{AFFILIATE_LINK}} | Some links are affiliate links — I may earn a commission at no extra cost to you. |  | Real first date ideas cheap lessons from 100+ real dates — no gimmicks, no sugarcoating. New dating advice Shorts from Date & Advice every week: the dos, the don'ts, and the stories behind them. |  | #shorts #datingadvice #redflags #dating #relationships","dating advice, dating tips, first date ideas cheap, relationship advice, red flags, green flags, dating, relationships, date and advice, shorts, dating mistakes, what not to do"
32,Boring Dates Are a Green Flag (Hear Me Out),"If the date felt calm, that's not a problem. | Feeling stuck on the self-work part? Online therapy is the cheat code: {{AFFILIATE_LINK}} | Some links are affiliate links — I may earn a commission at no extra cost to you. |  | Real secure attachment dating lessons from 100+ real dates — no gimmicks, no sugarcoating. New dating advice Shorts from Date & Advice every week: the dos, the don'ts, and the stories behind them. |  | #shorts #datingadvice #redflags #dating #relationships","dating advice, dating tips, secure attachment dating, relationship advice, red flags, green flags, dating, relationships, date and advice, shorts, green flag, healthy relationships"
33,How to End a Date Early Without Being a Jerk,"You're allowed to leave a bad date. | Feeling stuck on the self-work part? Online therapy is the cheat code: {{AFFILIATE_LINK}} | Some links are affiliate links — I may earn a commission at no extra cost to you. |  | Real how to end a date lessons from 100+ real dates — no gimmicks, no sugarcoating. New dating advice Shorts from Date & Advice every week: the dos, the don'ts, and the stories behind them. |  | #shorts #datingadvice #redflags #dating #relationships","dating advice, dating tips, how to end a date, relationship advice, red flags, green flags, dating, relationships, date and advice, shorts, how to date, dating hacks"
